{"cameraMode":{"drawMode":0,"name":"Shaded","section":"Shading Mode"},"sceneLighting":false,"audioPlay":false,"sceneViewState":{"showFog":false,"showMaterialUpdate":false,"showSkybox":false,"showFlares":false,"showImageEffects":false,"showParticleSystems":false},"in2DMode":false,"pivot":{"x":0.39414525032043459,"y":0.9990963935852051,"z":0.6746453046798706},"rotation":{"x":-0.02538626827299595,"y":0.9575297236442566,"z":-0.27307263016700747,"w":-0.08901707828044892},"size":1.2542755603790284,"orthographic":true}